vrefdes,vpin,refdes,pin
VCOMP0,0,C239,2
VCOMP0,1,C239,1
VCOMP1,0,IC4,H8
VCOMP1,1,IC4,H10
VCOMP1,2,IC4,J7
VCOMP1,3,IC4,J9
VCOMP1,4,IC4,K8
VCOMP1,5,IC4,L7
VCOMP1,6,IC4,M8
VCOMP1,7,IC4,N7
VCOMP1,8,IC4,P8
VCOMP1,9,IC4,P10
VCOMP1,10,IC4,R7
VCOMP1,11,IC4,R9
VCOMP1,12,IC4,T8
VCOMP1,13,IC4,T10
VCOMP1,14,IC4,A2
VCOMP1,15,IC4,A3
VCOMP1,16,IC4,A5
VCOMP1,17,IC4,A7
VCOMP1,18,IC4,A9
VCOMP1,19,IC4,A11
VCOMP1,20,IC4,A12
VCOMP1,21,IC4,A22
VCOMP1,22,IC4,B3
VCOMP1,23,IC4,B12
VCOMP1,24,IC4,B19
VCOMP1,25,IC4,C3
VCOMP1,26,IC4,C6
VCOMP1,27,IC4,C10
VCOMP1,28,IC4,C12
VCOMP1,29,IC4,C16
VCOMP1,30,IC4,D3
VCOMP1,31,IC4,D4
VCOMP1,32,IC4,D8
VCOMP1,33,IC4,D12
VCOMP1,34,IC4,D13
VCOMP1,35,IC4,E4
VCOMP1,36,IC4,E5
VCOMP1,37,IC4,E7
VCOMP1,38,IC4,E9
VCOMP1,39,IC4,E11
VCOMP1,40,IC4,E12
VCOMP1,41,IC4,E20
VCOMP1,42,IC4,F5
VCOMP1,43,IC4,F11
VCOMP1,44,IC4,F17
VCOMP1,45,IC4,G5
VCOMP1,46,IC4,G6
VCOMP1,47,IC4,G7
VCOMP1,48,IC4,G8
VCOMP1,49,IC4,G9
VCOMP1,50,IC4,G10
VCOMP1,51,IC4,G12
VCOMP1,52,IC4,G14
VCOMP1,53,IC4,H1
VCOMP1,54,IC4,H7
VCOMP1,55,IC4,H9
VCOMP1,56,IC4,H11
VCOMP1,57,IC4,H21
VCOMP1,58,IC4,J8
VCOMP1,59,IC4,J10
VCOMP1,60,IC4,J12
VCOMP1,61,IC4,J18
VCOMP1,62,IC4,K5
VCOMP1,63,IC4,K7
VCOMP1,64,IC4,K11
VCOMP1,65,IC4,K15
VCOMP1,66,IC4,L2
VCOMP1,67,IC4,L8
VCOMP1,68,IC4,L22
VCOMP1,69,IC4,M7
VCOMP1,70,IC4,M11
VCOMP1,71,IC4,M19
VCOMP1,72,IC4,N6
VCOMP1,73,IC4,N8
VCOMP1,74,IC4,N16
VCOMP1,75,IC4,P3
VCOMP1,76,IC4,P7
VCOMP1,77,IC4,P9
VCOMP1,78,IC4,P11
VCOMP1,79,IC4,P13
VCOMP1,80,IC4,R8
VCOMP1,81,IC4,R10
VCOMP1,82,IC4,R12
VCOMP1,83,IC4,R20
VCOMP1,84,IC4,T7
VCOMP1,85,IC4,T9
VCOMP1,86,IC4,T11
VCOMP1,87,IC4,T17
VCOMP1,88,IC4,U4
VCOMP1,89,IC4,U9
VCOMP1,90,IC4,U10
VCOMP1,91,IC4,U14
VCOMP1,92,IC4,V1
VCOMP1,93,IC4,V11
VCOMP1,94,IC4,V21
VCOMP1,95,IC4,W8
VCOMP1,96,IC4,W18
VCOMP1,97,IC4,Y5
VCOMP1,98,IC4,Y15
VCOMP1,99,IC4,AA2
VCOMP1,100,IC4,AA12
VCOMP1,101,IC4,AA22
VCOMP1,102,IC4,AB9
VCOMP1,103,IC4,AB19
VCOMP2,0,L12,1
VCOMP2,1,L12,2
